SRA_ID	GEO_ID	Target	Condition	Experiment	Replicate	Control	Pairing	Sequencing_type	Sequencer	Peak_type
SRR5339955	GSE96107	CTCF	NPC	tf-chip	1	SRR5339971	A	paired	HiSeq2000	narrow
SRR5339956	GSE96107	CTCF	NPC	tf-chip	2	SRR5339972	A	paired	HiSeq2000	narrow
SRR5339959	GSE96107	H3K4me1	NPC	ptm-chip	1	SRR5339971	A	paired	HiSeq2000	narrow
SRR5339960	GSE96107	H3K4me1	NPC	ptm-chip	2	SRR5339972	A	paired	HiSeq2000	narrow
SRR5339961	GSE96107	H3K4me3	NPC	ptm-chip	1	SRR5339971	A	paired	HiSeq2000	narrow
SRR5339962	GSE96107	H3K4me3	NPC	ptm-chip	2	SRR5339972	A	paired	HiSeq2000	narrow
SRR5339963	GSE96107	H3K9me3	NPC	ptm-chip	1	SRR5339971	A	paired	HiSeq2000	broad
SRR5339964	GSE96107	H3K9me3	NPC	ptm-chip	2	SRR5339972	A	paired	HiSeq2000	broad
SRR5339965	GSE96107	H3K27ac	NPC	ptm-chip	1	SRR5339971	A	paired	HiSeq2000	narrow
SRR5339966	GSE96107	H3K27ac	NPC	ptm-chip	2	SRR5339972	A	paired	HiSeq2000	narrow
SRR5339967	GSE96107	H3K27me3	NPC	ptm-chip	1	SRR5339971	A	paired	HiSeq2000	broad
SRR5339968	GSE96107	H3K27me3	NPC	ptm-chip	2	SRR5339972	A	paired	HiSeq2000	broad
SRR5339969	GSE96107	H3K36me3	NPC	ptm-chip	1	SRR5339971	A	paired	HiSeq2000	broad
SRR5339970	GSE96107	H3K36me3	NPC	ptm-chip	2	SRR5339972	A	paired	HiSeq2000	broad
SRR5339971	GSE96107	Input	NPC	ptm-chip	1		A	paired	HiSeq2000	
SRR5339972	GSE96107	Input	NPC	ptm-chip	2		A	paired	HiSeq2000	
SRR12316960	GSE155089	H3K4me1	mESC	ptm-chip	1	SRR12316978	B	single	HiSeq2500	narrow
SRR12316963	GSE155089	H3K9me2	mESC	ptm-chip	1	SRR12316978	B	single	HiSeq2500	broad
SRR12316966	GSE155089	H3K9me3	mESC	ptm-chip	1	SRR12316978	B	single	HiSeq2500	broad
SRR12316969	GSE155089	H3K27ac	mESC	ptm-chip	1	SRR12316978	B	single	HiSeq2500	narrow
SRR12316972	GSE155089	H3K4me2	mESC	ptm-chip	1	SRR12316978	B	single	HiSeq2500	narrow
SRR12316975	GSE155089	H3K27me2	mESC	ptm-chip	1	SRR12316978	B	single	HiSeq2500	broad
SRR12316978	GSE155089	Input	mESC	ptm-chip	1		B	single	HiSeq2500	
SRR12316981	GSE155089	H3K4me3	mESC	ptm-chip	1	SRR12316978	B	single	HiSeq2500	narrow
SRR12316984	GSE155089	H3K27me3	mESC	ptm-chip	1	SRR12316978	B	single	HiSeq2500	broad